<?xml version="1.0" encoding="UTF-8"?>
<vmap:VMAP xmlns:vmap="http://www.iab.net/videosuite/vmap" version="1.0">
    <vmap:AdBreak timeOffset="start" breakType="linear" breakId="preroll">
        <vmap:AdSource id="preroll-ad-1" allowMultipleAds="false" followRedirects="true">
            <vmap:AdTagURI templateType="vast3">
                <![CDATA[ https://pubads.g.doubleclick.net/gampad/ads?iu=/22043443575/VAST&description_url=http%3A%2F%2Fidragonpro.com%2F&tfcd=0&npa=0&sz=400x300%7C640x480&gdfp_req=1&output=vast&unviewed_position_start=1&env=vp&impl=s&correlator= ]]>
            </vmap:AdTagURI>
        </vmap:AdSource>
    </vmap:AdBreak>
    <vmap:AdBreak timeOffset="00:06:00.000" breakType="linear" breakId="midroll-1">
        <vmap:AdSource id="midroll-1-ad-1" allowMultipleAds="false" followRedirects="true">
            <vmap:AdTagURI templateType="vast3">
                <![CDATA[ https://pubads.g.doubleclick.net/gampad/ads?iu=/22043443575/22042443578&description_url=http%3A%2F%2Fidragonpro.com%2F&tfcd=0&npa=0&sz=400x300%7C640x480&gdfp_req=1&output=vast&unviewed_position_start=1&env=vp&impl=s&correlator= ]]>
            </vmap:AdTagURI>
        </vmap:AdSource>
    </vmap:AdBreak>
    <vmap:AdBreak timeOffset="00:12:00.000" breakType="linear" breakId="midroll-1">
        <vmap:AdSource id="midroll-1-ad-2" allowMultipleAds="false" followRedirects="true">
            <vmap:AdTagURI templateType="vast3">
                <![CDATA[ https://pubads.g.doubleclick.net/gampad/ads?iu=/22043443575/22042443578&description_url=http%3A%2F%2Fidragonpro.com%2F&tfcd=0&npa=0&sz=400x300%7C640x480&gdfp_req=1&output=vast&unviewed_position_start=1&env=vp&impl=s&correlator= ]]>
            </vmap:AdTagURI>
        </vmap:AdSource>
    </vmap:AdBreak>
    <vmap:AdBreak timeOffset="00:18:00.000" breakType="linear" breakId="midroll-1">
        <vmap:AdSource id="midroll-1-ad-3" allowMultipleAds="false" followRedirects="true">
            <vmap:AdTagURI templateType="vast3">
                <![CDATA[ https://pubads.g.doubleclick.net/gampad/ads?iu=/22043443575/22042443578&description_url=http%3A%2F%2Fidragonpro.com%2F&tfcd=0&npa=0&sz=400x300%7C640x480&gdfp_req=1&output=vast&unviewed_position_start=1&env=vp&impl=s&correlator= ]]>
            </vmap:AdTagURI>
        </vmap:AdSource>
    </vmap:AdBreak>
    <vmap:AdBreak timeOffset="00:24:00.000" breakType="linear" breakId="midroll-1">
        <vmap:AdSource id="midroll-1-ad-4" allowMultipleAds="false" followRedirects="true">
            <vmap:AdTagURI templateType="vast3">
                <![CDATA[ https://pubads.g.doubleclick.net/gampad/ads?iu=/22043443575/22042443578&description_url=http%3A%2F%2Fidragonpro.com%2F&tfcd=0&npa=0&sz=400x300%7C640x480&gdfp_req=1&output=vast&unviewed_position_start=1&env=vp&impl=s&correlator= ]]>
            </vmap:AdTagURI>
        </vmap:AdSource>
    </vmap:AdBreak>
    <vmap:AdBreak timeOffset="00:30:00.000" breakType="linear" breakId="midroll-1">
        <vmap:AdSource id="midroll-1-ad-5" allowMultipleAds="false" followRedirects="true">
            <vmap:AdTagURI templateType="vast3">
                <![CDATA[ https://pubads.g.doubleclick.net/gampad/ads?iu=/22043443575/22042443578&description_url=http%3A%2F%2Fidragonpro.com%2F&tfcd=0&npa=0&sz=400x300%7C640x480&gdfp_req=1&output=vast&unviewed_position_start=1&env=vp&impl=s&correlator= ]]>
            </vmap:AdTagURI>
        </vmap:AdSource>
    </vmap:AdBreak>
    <vmap:AdBreak timeOffset="00:36:00.000" breakType="linear" breakId="midroll-2">
        <vmap:AdSource id="midroll-2-ad-1" allowMultipleAds="false" followRedirects="true">
            <vmap:AdTagURI templateType="vast3">
                <![CDATA[ https://pubads.g.doubleclick.net/gampad/ads?iu=/22043443575/22042443578&description_url=http%3A%2F%2Fidragonpro.com%2F&tfcd=0&npa=0&sz=400x300%7C640x480&gdfp_req=1&output=vast&unviewed_position_start=1&env=vp&impl=s&correlator= ]]>
            </vmap:AdTagURI>
        </vmap:AdSource>
    </vmap:AdBreak>
    <vmap:AdBreak timeOffset="00:42:00.000" breakType="linear" breakId="midroll-2">
        <vmap:AdSource id="midroll-2-ad-2" allowMultipleAds="false" followRedirects="true">
            <vmap:AdTagURI templateType="vast3">
                <![CDATA[ https://pubads.g.doubleclick.net/gampad/ads?iu=/22043443575/22042443578&description_url=http%3A%2F%2Fidragonpro.com%2F&tfcd=0&npa=0&sz=400x300%7C640x480&gdfp_req=1&output=vast&unviewed_position_start=1&env=vp&impl=s&correlator= ]]>
            </vmap:AdTagURI>
        </vmap:AdSource>
    </vmap:AdBreak>
    <vmap:AdBreak timeOffset="00:48:00.000" breakType="linear" breakId="midroll-2">
        <vmap:AdSource id="midroll-2-ad-3" allowMultipleAds="false" followRedirects="true">
            <vmap:AdTagURI templateType="vast3">
                <![CDATA[ https://pubads.g.doubleclick.net/gampad/ads?iu=/22043443575/22042443578&description_url=http%3A%2F%2Fidragonpro.com%2F&tfcd=0&npa=0&sz=400x300%7C640x480&gdfp_req=1&output=vast&unviewed_position_start=1&env=vp&impl=s&correlator= ]]>
            </vmap:AdTagURI>
        </vmap:AdSource>
    </vmap:AdBreak>
    <vmap:AdBreak timeOffset="00:54:00.000" breakType="linear" breakId="midroll-2">
        <vmap:AdSource id="midroll-2-ad-4" allowMultipleAds="false" followRedirects="true">
            <vmap:AdTagURI templateType="vast3">
                <![CDATA[ https://pubads.g.doubleclick.net/gampad/ads?iu=/22043443575/22042443578&description_url=http%3A%2F%2Fidragonpro.com%2F&tfcd=0&npa=0&sz=400x300%7C640x480&gdfp_req=1&output=vast&unviewed_position_start=1&env=vp&impl=s&correlator= ]]>
            </vmap:AdTagURI>
        </vmap:AdSource>
    </vmap:AdBreak>
    <vmap:AdBreak timeOffset="01:00:00.000" breakType="linear" breakId="midroll-2">
        <vmap:AdSource id="midroll-2-ad-5" allowMultipleAds="false" followRedirects="true">
            <vmap:AdTagURI templateType="vast3">
                <![CDATA[ https://pubads.g.doubleclick.net/gampad/ads?iu=/22043443575/22042443578&description_url=http%3A%2F%2Fidragonpro.com%2F&tfcd=0&npa=0&sz=400x300%7C640x480&gdfp_req=1&output=vast&unviewed_position_start=1&env=vp&impl=s&correlator= ]]>
            </vmap:AdTagURI>
        </vmap:AdSource>
    </vmap:AdBreak>
    <vmap:AdBreak timeOffset="01:06:00.000" breakType="linear" breakId="midroll-3">
        <vmap:AdSource id="midroll-3-ad-1" allowMultipleAds="false" followRedirects="true">
            <vmap:AdTagURI templateType="vast3">
                <![CDATA[ https://pubads.g.doubleclick.net/gampad/ads?iu=/22043443575/22042443578&description_url=http%3A%2F%2Fidragonpro.com%2F&tfcd=0&npa=0&sz=400x300%7C640x480&gdfp_req=1&output=vast&unviewed_position_start=1&env=vp&impl=s&correlator= ]]>
            </vmap:AdTagURI>
        </vmap:AdSource>
    </vmap:AdBreak>
    <vmap:AdBreak timeOffset="01:12:00.000" breakType="linear" breakId="midroll-3">
        <vmap:AdSource id="midroll-3-ad-2" allowMultipleAds="false" followRedirects="true">
            <vmap:AdTagURI templateType="vast3">
                <![CDATA[ https://pubads.g.doubleclick.net/gampad/ads?iu=/22043443575/22042443578&description_url=http%3A%2F%2Fidragonpro.com%2F&tfcd=0&npa=0&sz=400x300%7C640x480&gdfp_req=1&output=vast&unviewed_position_start=1&env=vp&impl=s&correlator= ]]>
            </vmap:AdTagURI>
        </vmap:AdSource>
    </vmap:AdBreak>
    <vmap:AdBreak timeOffset="01:18:00.000" breakType="linear" breakId="midroll-3">
        <vmap:AdSource id="midroll-3-ad-3" allowMultipleAds="false" followRedirects="true">
            <vmap:AdTagURI templateType="vast3">
                <![CDATA[ https://pubads.g.doubleclick.net/gampad/ads?iu=/22043443575/22042443578&description_url=http%3A%2F%2Fidragonpro.com%2F&tfcd=0&npa=0&sz=400x300%7C640x480&gdfp_req=1&output=vast&unviewed_position_start=1&env=vp&impl=s&correlator= ]]>
            </vmap:AdTagURI>
        </vmap:AdSource>
    </vmap:AdBreak>
    <vmap:AdBreak timeOffset="01:24:00.000" breakType="linear" breakId="midroll-3">
        <vmap:AdSource id="midroll-3-ad-4" allowMultipleAds="false" followRedirects="true">
            <vmap:AdTagURI templateType="vast3">
                <![CDATA[ https://pubads.g.doubleclick.net/gampad/ads?iu=/22043443575/22042443578&description_url=http%3A%2F%2Fidragonpro.com%2F&tfcd=0&npa=0&sz=400x300%7C640x480&gdfp_req=1&output=vast&unviewed_position_start=1&env=vp&impl=s&correlator= ]]>
            </vmap:AdTagURI>
        </vmap:AdSource>
    </vmap:AdBreak>
    <vmap:AdBreak timeOffset="01:30:00.000" breakType="linear" breakId="midroll-3">
        <vmap:AdSource id="midroll-3-ad-5" allowMultipleAds="false" followRedirects="true">
            <vmap:AdTagURI templateType="vast3">
                <![CDATA[ https://pubads.g.doubleclick.net/gampad/ads?iu=/22043443575/22042443578&description_url=http%3A%2F%2Fidragonpro.com%2F&tfcd=0&npa=0&sz=400x300%7C640x480&gdfp_req=1&output=vast&unviewed_position_start=1&env=vp&impl=s&correlator= ]]>
            </vmap:AdTagURI>
        </vmap:AdSource>
    </vmap:AdBreak>
    <vmap:AdBreak timeOffset="01:36:00.000" breakType="linear" breakId="midroll-4">
        <vmap:AdSource id="midroll-4-ad-1" allowMultipleAds="false" followRedirects="true">
            <vmap:AdTagURI templateType="vast3">
                <![CDATA[ https://pubads.g.doubleclick.net/gampad/ads?iu=/22043443575/22042443578&description_url=http%3A%2F%2Fidragonpro.com%2F&tfcd=0&npa=0&sz=400x300%7C640x480&gdfp_req=1&output=vast&unviewed_position_start=1&env=vp&impl=s&correlator= ]]>
            </vmap:AdTagURI>
        </vmap:AdSource>
    </vmap:AdBreak>
    <vmap:AdBreak timeOffset="01:42:00.000" breakType="linear" breakId="midroll-4">
        <vmap:AdSource id="midroll-4-ad-2" allowMultipleAds="false" followRedirects="true">
            <vmap:AdTagURI templateType="vast3">
                <![CDATA[ https://pubads.g.doubleclick.net/gampad/ads?iu=/22043443575/22042443578&description_url=http%3A%2F%2Fidragonpro.com%2F&tfcd=0&npa=0&sz=400x300%7C640x480&gdfp_req=1&output=vast&unviewed_position_start=1&env=vp&impl=s&correlator= ]]>
            </vmap:AdTagURI>
        </vmap:AdSource>
    </vmap:AdBreak>
    <vmap:AdBreak timeOffset="01:48:00.000" breakType="linear" breakId="midroll-4">
        <vmap:AdSource id="midroll-4-ad-3" allowMultipleAds="false" followRedirects="true">
            <vmap:AdTagURI templateType="vast3">
                <![CDATA[ https://pubads.g.doubleclick.net/gampad/ads?iu=/22043443575/22042443578&description_url=http%3A%2F%2Fidragonpro.com%2F&tfcd=0&npa=0&sz=400x300%7C640x480&gdfp_req=1&output=vast&unviewed_position_start=1&env=vp&impl=s&correlator= ]]>
            </vmap:AdTagURI>
        </vmap:AdSource>
    </vmap:AdBreak>
    <vmap:AdBreak timeOffset="01:54:00.000" breakType="linear" breakId="midroll-4">
        <vmap:AdSource id="midroll-4-ad-3" allowMultipleAds="false" followRedirects="true">
            <vmap:AdTagURI templateType="vast3">
                <![CDATA[ https://pubads.g.doubleclick.net/gampad/ads?iu=/22043443575/22042443578&description_url=http%3A%2F%2Fidragonpro.com%2F&tfcd=0&npa=0&sz=400x300%7C640x480&gdfp_req=1&output=vast&unviewed_position_start=1&env=vp&impl=s&correlator= ]]>
            </vmap:AdTagURI>
        </vmap:AdSource>
    </vmap:AdBreak>
    <vmap:AdBreak timeOffset="02:00:00.000" breakType="linear" breakId="midroll-4">
        <vmap:AdSource id="midroll-4-ad-3" allowMultipleAds="false" followRedirects="true">
            <vmap:AdTagURI templateType="vast3">
                <![CDATA[ https://pubads.g.doubleclick.net/gampad/ads?iu=/22043443575/22042443578&description_url=http%3A%2F%2Fidragonpro.com%2F&tfcd=0&npa=0&sz=400x300%7C640x480&gdfp_req=1&output=vast&unviewed_position_start=1&env=vp&impl=s&correlator= ]]>
            </vmap:AdTagURI>
        </vmap:AdSource>
    </vmap:AdBreak>
    <vmap:AdBreak timeOffset="02:06:00.000" breakType="linear" breakId="midroll-4">
        <vmap:AdSource id="midroll-4-ad-3" allowMultipleAds="false" followRedirects="true">
            <vmap:AdTagURI templateType="vast3">
                <![CDATA[ https://pubads.g.doubleclick.net/gampad/ads?iu=/22043443575/22042443578&description_url=http%3A%2F%2Fidragonpro.com%2F&tfcd=0&npa=0&sz=400x300%7C640x480&gdfp_req=1&output=vast&unviewed_position_start=1&env=vp&impl=s&correlator= ]]>
            </vmap:AdTagURI>
        </vmap:AdSource>
    </vmap:AdBreak>
    <vmap:AdBreak timeOffset="02:12:00.000" breakType="linear" breakId="midroll-4">
        <vmap:AdSource id="midroll-4-ad-3" allowMultipleAds="false" followRedirects="true">
            <vmap:AdTagURI templateType="vast3">
                <![CDATA[ https://pubads.g.doubleclick.net/gampad/ads?iu=/22043443575/22042443578&description_url=http%3A%2F%2Fidragonpro.com%2F&tfcd=0&npa=0&sz=400x300%7C640x480&gdfp_req=1&output=vast&unviewed_position_start=1&env=vp&impl=s&correlator= ]]>
            </vmap:AdTagURI>
        </vmap:AdSource>
    </vmap:AdBreak>
    <vmap:AdBreak timeOffset="02:18:00.000" breakType="linear" breakId="midroll-4">
        <vmap:AdSource id="midroll-4-ad-3" allowMultipleAds="false" followRedirects="true">
            <vmap:AdTagURI templateType="vast3">
                <![CDATA[ https://pubads.g.doubleclick.net/gampad/ads?iu=/22043443575/22042443578&description_url=http%3A%2F%2Fidragonpro.com%2F&tfcd=0&npa=0&sz=400x300%7C640x480&gdfp_req=1&output=vast&unviewed_position_start=1&env=vp&impl=s&correlator= ]]>
            </vmap:AdTagURI>
        </vmap:AdSource>
    </vmap:AdBreak>
    <vmap:AdBreak timeOffset="02:24:00.000" breakType="linear" breakId="midroll-4">
        <vmap:AdSource id="midroll-4-ad-3" allowMultipleAds="false" followRedirects="true">
            <vmap:AdTagURI templateType="vast3">
                <![CDATA[ https://pubads.g.doubleclick.net/gampad/ads?iu=/22043443575/22042443578&description_url=http%3A%2F%2Fidragonpro.com%2F&tfcd=0&npa=0&sz=400x300%7C640x480&gdfp_req=1&output=vast&unviewed_position_start=1&env=vp&impl=s&correlator= ]]>
            </vmap:AdTagURI>
        </vmap:AdSource>
    </vmap:AdBreak>
    <vmap:AdBreak timeOffset="02:30:00.000" breakType="linear" breakId="midroll-4">
        <vmap:AdSource id="midroll-4-ad-3" allowMultipleAds="false" followRedirects="true">
            <vmap:AdTagURI templateType="vast3">
                <![CDATA[ https://pubads.g.doubleclick.net/gampad/ads?iu=/22043443575/22042443578&description_url=http%3A%2F%2Fidragonpro.com%2F&tfcd=0&npa=0&sz=400x300%7C640x480&gdfp_req=1&output=vast&unviewed_position_start=1&env=vp&impl=s&correlator= ]]>
            </vmap:AdTagURI>
        </vmap:AdSource>
    </vmap:AdBreak>
    <vmap:AdBreak timeOffset="end" breakType="linear" breakId="postroll">
        <vmap:AdSource id="postroll-ad-1" allowMultipleAds="false" followRedirects="true">
            <vmap:AdTagURI templateType="vast3">
                <![CDATA[ https://pubads.g.doubleclick.net/gampad/ads?iu=/22043443575/PostRoll&description_url=http%3A%2F%2Fidragonpro.com%2F&tfcd=0&npa=0&sz=400x300%7C640x480&gdfp_req=1&output=vast&unviewed_position_start=1&env=vp&impl=s&correlator= ]]>
            </vmap:AdTagURI>
        </vmap:AdSource>
    </vmap:AdBreak>
</vmap:VMAP>