{
  "v": "5.5.7",
  "meta": {
    "g": "LottieFiles AE 0.1.20",
    "a": "",
    "k": "",
    "d": "",
    "tc": ""
  },
  "fr": 30.0137176513672,
  "ip": 0,
  "op": 34.9996707469132,
  "w": 190,
  "h": 231,
  "nm": "Download",
  "ddd": 0,
  "assets": [],
  "layers": [
    {
      "ddd": 0,
      "ind": 1,
      "ty": 4,
      "nm": "Shape Layer 2",
      "parent": 3,
      "td": 1,
      "sr": 1,
      "ks": {
        "o": {
          "a": 0,
          "k": 100,
          "ix": 11
        },
        "r": {
          "a": 0,
          "k": 0,
          "ix": 10
        },
        "p": {
          "a": 0,
          "k": [
            50.5,
            62.625,
            0
          ],
          "ix": 2
        },
        "a": {
          "a": 0,
          "k": [
            0,
            0,
            0
          ],
          "ix": 1
        },
        "s": {
          "a": 0,
          "k": [
            100,
            100,
            100
          ],
          "ix": 6
        }
      },
      "ao": 0,
      "shapes": [
        {
          "ty": "gr",
          "it": [
            {
              "ty": "rc",
              "d": 1,
              "s": {
                "a": 0,
                "k": [
                  125.838,
                  120.572
                ],
                "ix": 2
              },
              "p": {
                "a": 0,
                "k": [
                  0,
                  0
                ],
                "ix": 3
              },
              "r": {
                "a": 0,
                "k": 0,
                "ix": 4
              },
              "nm": "Rectangle Path 1",
              "mn": "ADBE Vector Shape - Rect",
              "hd": false
            },
            {
              "ty": "fl",
              "c": {
                "a": 0,
                "k": [
                  0.707383578431,
                  0.352269221287,
                  0.261389519187,
                  1
                ],
                "ix": 4
              },
              "o": {
                "a": 0,
                "k": 100,
                "ix": 5
              },
              "r": 1,
              "bm": 0,
              "nm": "Fill 1",
              "mn": "ADBE Vector Graphic - Fill",
              "hd": false
            },
            {
              "ty": "tr",
              "p": {
                "a": 0,
                "k": [
                  0.874,
                  43.934
                ],
                "ix": 2
              },
              "a": {
                "a": 0,
                "k": [
                  -0.045,
                  60.147
                ],
                "ix": 1
              },
              "s": {
                "a": 0,
                "k": [
                  100,
                  110.421
                ],
                "ix": 3
              },
              "r": {
                "a": 0,
                "k": 0,
                "ix": 6
              },
              "o": {
                "a": 0,
                "k": 100,
                "ix": 7
              },
              "sk": {
                "a": 0,
                "k": 0,
                "ix": 4
              },
              "sa": {
                "a": 0,
                "k": 0,
                "ix": 5
              },
              "nm": "Transform"
            }
          ],
          "nm": "Rectangle 1",
          "np": 3,
          "cix": 2,
          "bm": 0,
          "ix": 1,
          "mn": "ADBE Vector Group",
          "hd": false
        }
      ],
      "ip": 0,
      "op": 154.998541879187,
      "st": 0,
      "bm": 0
    },
    {
      "ddd": 0,
      "ind": 2,
      "ty": 4,
      "nm": "Shape Layer 1",
      "tt": 1,
      "sr": 1,
      "ks": {
        "o": {
          "a": 0,
          "k": 100,
          "ix": 11
        },
        "r": {
          "a": 0,
          "k": 0,
          "ix": 10
        },
        "p": {
          "a": 1,
          "k": [
            {
              "i": {
                "x": 0.667,
                "y": 1
              },
              "o": {
                "x": 0.333,
                "y": 0
              },
              "t": 0,
              "s": [
                95,
                96,
                0
              ],
              "to": [
                0,
                21.583,
                0
              ],
              "ti": [
                0,
                -21.583,
                0
              ]
            },
            {
              "t": 19.999811855379,
              "s": [
                95,
                225.5,
                0
              ]
            }
          ],
          "ix": 2
        },
        "a": {
          "a": 0,
          "k": [
            0,
            0,
            0
          ],
          "ix": 1
        },
        "s": {
          "a": 0,
          "k": [
            100,
            100,
            100
          ],
          "ix": 6
        }
      },
      "ao": 0,
      "shapes": [
        {
          "ty": "gr",
          "it": [
            {
              "ind": 0,
              "ty": "sh",
              "ix": 1,
              "ks": {
                "a": 0,
                "k": {
                  "i": [
                    [
                      0,
                      0
                    ],
                    [
                      0,
                      0
                    ],
                    [
                      -4.697,
                      0.259
                    ],
                    [
                      -0.26,
                      -4.697
                    ],
                    [
                      0.012,
                      -0.28
                    ],
                    [
                      0.026,
                      -17.234
                    ],
                    [
                      0,
                      0
                    ],
                    [
                      -0.177,
                      0.182
                    ],
                    [
                      -4.329,
                      4.459
                    ],
                    [
                      -3.235,
                      -1.503
                    ],
                    [
                      2.179,
                      -4.448
                    ],
                    [
                      0.681,
                      -0.689
                    ],
                    [
                      9.929,
                      -10.24
                    ],
                    [
                      2.382,
                      1.933
                    ],
                    [
                      0.254,
                      0.321
                    ],
                    [
                      9.917,
                      10.247
                    ],
                    [
                      -1.484,
                      3.376
                    ],
                    [
                      -3.623,
                      -0.298
                    ],
                    [
                      -1.384,
                      -1.488
                    ],
                    [
                      -4.403,
                      -4.636
                    ],
                    [
                      0,
                      0
                    ]
                  ],
                  "o": [
                    [
                      0,
                      0
                    ],
                    [
                      -0.259,
                      -4.698
                    ],
                    [
                      4.697,
                      -0.26
                    ],
                    [
                      0.015,
                      0.28
                    ],
                    [
                      0.026,
                      17.232
                    ],
                    [
                      0,
                      0
                    ],
                    [
                      0.316,
                      -0.272
                    ],
                    [
                      4.341,
                      -4.458
                    ],
                    [
                      2.464,
                      -2.58
                    ],
                    [
                      4.447,
                      2.179
                    ],
                    [
                      -0.426,
                      0.869
                    ],
                    [
                      -9.931,
                      10.245
                    ],
                    [
                      -1.933,
                      2.381
                    ],
                    [
                      -0.318,
                      -0.259
                    ],
                    [
                      -9.933,
                      -10.233
                    ],
                    [
                      -2.572,
                      -2.643
                    ],
                    [
                      1.437,
                      -3.341
                    ],
                    [
                      2.027,
                      0.14
                    ],
                    [
                      4.377,
                      4.66
                    ],
                    [
                      0,
                      0
                    ],
                    [
                      0,
                      0
                    ]
                  ],
                  "v": [
                    [
                      -8.852,
                      16.356
                    ],
                    [
                      -8.852,
                      -39.715
                    ],
                    [
                      -0.816,
                      -48.69
                    ],
                    [
                      8.159,
                      -40.655
                    ],
                    [
                      8.164,
                      -39.815
                    ],
                    [
                      8.164,
                      11.884
                    ],
                    [
                      8.164,
                      16.657
                    ],
                    [
                      8.864,
                      16.056
                    ],
                    [
                      21.87,
                      2.679
                    ],
                    [
                      31.402,
                      0.878
                    ],
                    [
                      35.508,
                      12.876
                    ],
                    [
                      33.837,
                      15.23
                    ],
                    [
                      4.047,
                      45.958
                    ],
                    [
                      -3.768,
                      46.771
                    ],
                    [
                      -4.628,
                      45.899
                    ],
                    [
                      -34.402,
                      15.178
                    ],
                    [
                      -36.202,
                      5.219
                    ],
                    [
                      -27.732,
                      0.128
                    ],
                    [
                      -22.424,
                      2.662
                    ],
                    [
                      -9.253,
                      16.605
                    ],
                    [
                      -8.848,
                      16.347
                    ]
                  ],
                  "c": false
                },
                "ix": 2
              },
              "nm": "Path 1",
              "mn": "ADBE Vector Shape - Group",
              "hd": false
            },
            {
              "ty": "mm",
              "mm": 4,
              "nm": "Merge Paths 1",
              "mn": "ADBE Vector Filter - Merge",
              "hd": false
            },
            {
              "ty": "fl",
              "c": {
                "a": 0,
                "k": [
                  0.635000011968,
                  0.447000002394,
                  1,
                  1
                ],
                "ix": 4
              },
              "o": {
                "a": 0,
                "k": 100,
                "ix": 5
              },
              "r": 1,
              "bm": 0,
              "nm": "Fill 1",
              "mn": "ADBE Vector Graphic - Fill",
              "hd": false
            },
            {
              "ty": "tr",
              "p": {
                "a": 0,
                "k": [
                  -0.231,
                  -13.554
                ],
                "ix": 2
              },
              "a": {
                "a": 0,
                "k": [
                  0,
                  0
                ],
                "ix": 1
              },
              "s": {
                "a": 0,
                "k": [
                  100,
                  100
                ],
                "ix": 3
              },
              "r": {
                "a": 0,
                "k": 0,
                "ix": 6
              },
              "o": {
                "a": 0,
                "k": 100,
                "ix": 7
              },
              "sk": {
                "a": 0,
                "k": 0,
                "ix": 4
              },
              "sa": {
                "a": 0,
                "k": 0,
                "ix": 5
              },
              "nm": "Transform"
            }
          ],
          "nm": "Group 2",
          "np": 3,
          "cix": 2,
          "bm": 0,
          "ix": 1,
          "mn": "ADBE Vector Group",
          "hd": false
        }
      ],
      "ip": 0,
      "op": 155.998532471956,
      "st": 0,
      "bm": 0
    },
    {
      "ddd": 0,
      "ind": 3,
      "ty": 4,
      "nm": "Download Outlines",
      "sr": 1,
      "ks": {
        "o": {
          "a": 0,
          "k": 100,
          "ix": 11
        },
        "r": {
          "a": 0,
          "k": 0,
          "ix": 10
        },
        "p": {
          "a": 1,
          "k": [
            {
              "i": {
                "x": 0.833,
                "y": 0.833
              },
              "o": {
                "x": 0.167,
                "y": 0.167
              },
              "t": 6,
              "s": [
                95,
                115.5,
                0
              ],
              "to": [
                0,
                2.583,
                0
              ],
              "ti": [
                0,
                0,
                0
              ]
            },
            {
              "i": {
                "x": 0.833,
                "y": 0.833
              },
              "o": {
                "x": 0.167,
                "y": 0.167
              },
              "t": 10.5,
              "s": [
                95,
                131,
                0
              ],
              "to": [
                0,
                0,
                0
              ],
              "ti": [
                0,
                2.583,
                0
              ]
            },
            {
              "t": 14.9998588915342,
              "s": [
                95,
                115.5,
                0
              ]
            }
          ],
          "ix": 2
        },
        "a": {
          "a": 0,
          "k": [
            50.5,
            62,
            0
          ],
          "ix": 1
        },
        "s": {
          "a": 0,
          "k": [
            100,
            100,
            100
          ],
          "ix": 6
        }
      },
      "ao": 0,
      "shapes": [
        {
          "ty": "gr",
          "it": [
            {
              "ind": 0,
              "ty": "sh",
              "ix": 1,
              "ks": {
                "a": 0,
                "k": {
                  "i": [
                    [
                      0,
                      0
                    ],
                    [
                      0,
                      0
                    ],
                    [
                      -0.152,
                      -3.693
                    ],
                    [
                      4.159,
                      -0.141
                    ],
                    [
                      0,
                      0
                    ],
                    [
                      0.614,
                      3.236
                    ],
                    [
                      -4.623,
                      0.028
                    ],
                    [
                      -6.614,
                      0
                    ],
                    [
                      0,
                      0
                    ]
                  ],
                  "o": [
                    [
                      0,
                      0
                    ],
                    [
                      3.691,
                      0.207
                    ],
                    [
                      0.671,
                      5.12
                    ],
                    [
                      0,
                      0
                    ],
                    [
                      -3.292,
                      -0.069
                    ],
                    [
                      -1.448,
                      -5.414
                    ],
                    [
                      6.611,
                      -0.042
                    ],
                    [
                      0,
                      0
                    ],
                    [
                      0,
                      0
                    ]
                  ],
                  "v": [
                    [
                      0.031,
                      -8.32
                    ],
                    [
                      43.164,
                      -8.32
                    ],
                    [
                      49.937,
                      -1.444
                    ],
                    [
                      43.458,
                      8.341
                    ],
                    [
                      -42.977,
                      8.341
                    ],
                    [
                      -49.677,
                      2.672
                    ],
                    [
                      -43.354,
                      -8.299
                    ],
                    [
                      -23.516,
                      -8.32
                    ],
                    [
                      0.034,
                      -8.32
                    ]
                  ],
                  "c": false
                },
                "ix": 2
              },
              "nm": "Path 1",
              "mn": "ADBE Vector Shape - Group",
              "hd": false
            },
            {
              "ty": "mm",
              "mm": 4,
              "nm": "Merge Paths 1",
              "mn": "ADBE Vector Filter - Merge",
              "hd": false
            },
            {
              "ty": "fl",
              "c": {
                "a": 0,
                "k": [
                  1,
                  0.54900004069,
                  0.481999984442,
                  1
                ],
                "ix": 4
              },
              "o": {
                "a": 0,
                "k": 100,
                "ix": 5
              },
              "r": 1,
              "bm": 0,
              "nm": "Fill 1",
              "mn": "ADBE Vector Graphic - Fill",
              "hd": false
            },
            {
              "ty": "tr",
              "p": {
                "a": 0,
                "k": [
                  50.032,
                  115.044
                ],
                "ix": 2
              },
              "a": {
                "a": 0,
                "k": [
                  0,
                  0
                ],
                "ix": 1
              },
              "s": {
                "a": 0,
                "k": [
                  100,
                  100
                ],
                "ix": 3
              },
              "r": {
                "a": 0,
                "k": 0,
                "ix": 6
              },
              "o": {
                "a": 0,
                "k": 100,
                "ix": 7
              },
              "sk": {
                "a": 0,
                "k": 0,
                "ix": 4
              },
              "sa": {
                "a": 0,
                "k": 0,
                "ix": 5
              },
              "nm": "Transform"
            }
          ],
          "nm": "Group 1",
          "np": 3,
          "cix": 2,
          "bm": 0,
          "ix": 1,
          "mn": "ADBE Vector Group",
          "hd": false
        }
      ],
      "ip": 0,
      "op": 155.998532471956,
      "st": 0,
      "bm": 0
    }
  ],
  "markers": []
}